{
    "model_metadata": {
        "best_regression_model": "Linear Regression",
        "best_classification_model": "Random Forest Classifier",
        "model_version": "1.0.0"
    },
    "regression_metrics": {
        "Linear Regression": {
            "mae": 2.737850579079991,
            "rmse": 3.344280219740515,
            "r2": 0.9567738080550932
        },
        "Random Forest Regressor": {
            "mae": 2.8734000000000024,
            "rmse": 3.570343278632004,
            "r2": 0.9507323774010835
        },
        "Gradient Boosting Regressor": {
            "mae": 2.714858846568443,
            "rmse": 3.3781554887706124,
            "r2": 0.955893669455956
        }
    },
    "classification_metrics": {
        "Logistic Regression": {
            "accuracy": 0.8181818181818182,
            "precision": 0.7948717948717948,
            "recall": 0.7209302325581395,
            "f1": 0.7560975609756098,
            "auc": 0.8982992016660882,
            "confusion_matrix": [
                [
                    59,
                    8
                ],
                [
                    12,
                    31
                ]
            ]
        },
        "Decision Tree Classifier": {
            "accuracy": 0.7636363636363637,
            "precision": 0.7297297297297297,
            "recall": 0.627906976744186,
            "f1": 0.675,
            "auc": 0.7332523429364803,
            "confusion_matrix": [
                [
                    57,
                    10
                ],
                [
                    16,
                    27
                ]
            ]
        },
        "Random Forest Classifier": {
            "accuracy": 0.8363636363636363,
            "precision": 0.8205128205128205,
            "recall": 0.7441860465116279,
            "f1": 0.7804878048780488,
            "auc": 0.895001735508504,
            "confusion_matrix": [
                [
                    60,
                    7
                ],
                [
                    11,
                    32
                ]
            ]
        },
        "Gradient Boosting Classifier": {
            "accuracy": 0.8,
            "precision": 0.7560975609756098,
            "recall": 0.7209302325581395,
            "f1": 0.7380952380952381,
            "auc": 0.8719194724054148,
            "confusion_matrix": [
                [
                    57,
                    10
                ],
                [
                    12,
                    31
                ]
            ]
        }
    },
    "fairness_audit": {
        "semester_group": {
            "Sem Group B": {
                "sample_size": 287,
                "accuracy": 0.9790940766550522,
                "precision": 0.9741379310344828,
                "recall": 0.9741379310344828,
                "fpr": 0.017543859649122806,
                "fnr": 0.02586206896551724
            },
            "Sem Group A": {
                "sample_size": 263,
                "accuracy": 0.9543726235741445,
                "precision": 0.9574468085106383,
                "recall": 0.9183673469387755,
                "fpr": 0.024242424242424242,
                "fnr": 0.08163265306122448
            }
        },
        "audit_age_group": {
            "21 and Over": {
                "sample_size": 281,
                "accuracy": 0.9501779359430605,
                "precision": 0.9473684210526315,
                "recall": 0.9310344827586207,
                "fpr": 0.03636363636363636,
                "fnr": 0.06896551724137931
            },
            "Under 21": {
                "sample_size": 269,
                "accuracy": 0.9851301115241635,
                "precision": 0.9895833333333334,
                "recall": 0.9693877551020408,
                "fpr": 0.005847953216374269,
                "fnr": 0.030612244897959183
            }
        }
    }
}